user_id,order_id,category,price,purchase_date,return_date
82,ORD-10000,Electronics,245.02,2026-01-14 15:40:01,
18,ORD-10001,Electronics,1418.06,2025-12-11 15:40:01,2025-12-29 15:40:01
5,ORD-10002,Electronics,368.65,2026-01-20 15:40:01,
4,ORD-10003,Sports,107.43,2025-11-27 15:40:01,
54,ORD-10004,Clothing,100.86,2026-01-14 15:40:01,
1,ORD-10005,Clothing,145.67,2026-01-06 15:40:01,2026-01-14 15:40:01
98,ORD-10006,Home,60.08,2026-01-01 15:40:01,2026-01-17 15:40:01
78,ORD-10007,Home,405.49,2025-12-22 15:40:01,
49,ORD-10008,Electronics,1193.67,2025-11-30 15:40:01,
47,ORD-10009,Sports,104.22,2026-02-10 15:40:01,2026-02-22 15:40:01
99,ORD-10010,Home,492.76,2026-01-20 15:40:01,
49,ORD-10011,Home,232.17,2026-01-03 15:40:01,
46,ORD-10012,Clothing,140.63,2025-11-21 15:40:01,
83,ORD-10013,Electronics,1296.44,2026-01-28 15:40:01,
32,ORD-10014,Clothing,103.21,2026-01-15 15:40:01,
82,ORD-10015,Sports,117.61,2026-01-08 15:40:01,
100,ORD-10016,Electronics,612.29,2026-02-14 15:40:01,
52,ORD-10017,Home,42.43,2025-12-08 15:40:01,
41,ORD-10018,Clothing,137.98,2025-12-30 15:40:01,
83,ORD-10019,Beauty,80.01,2026-02-01 15:40:01,
72,ORD-10020,Sports,138.74,2025-12-06 15:40:01,
75,ORD-10021,Beauty,187.38,2026-02-01 15:40:01,
12,ORD-10022,Electronics,1749.99,2026-01-30 15:40:01,
88,ORD-10023,Beauty,302.24,2025-12-31 15:40:01,
60,ORD-10024,Sports,133.19,2025-12-10 15:40:01,
2,ORD-10025,Electronics,1427.08,2025-12-12 15:40:01,
99,ORD-10026,Home,64.66,2025-12-25 15:40:01,
1,ORD-10027,Home,486.23,2026-01-27 15:40:01,2026-02-02 15:40:01
81,ORD-10028,Home,422.42,2025-12-16 15:40:01,
20,ORD-10029,Home,383.63,2025-12-11 15:40:01,
68,ORD-10030,Electronics,1278.1,2025-12-18 15:40:01,2026-01-03 15:40:01
40,ORD-10031,Clothing,30.43,2025-12-08 15:40:01,
11,ORD-10032,Beauty,409.85,2025-12-12 15:40:01,
17,ORD-10033,Beauty,473.96,2026-01-28 15:40:01,
78,ORD-10034,Beauty,482.54,2025-12-11 15:40:01,
89,ORD-10035,Clothing,148.33,2025-12-29 15:40:01,
84,ORD-10036,Home,224.67,2025-12-14 15:40:01,
32,ORD-10037,Clothing,31.52,2026-02-16 15:40:01,
30,ORD-10038,Sports,117.91,2026-02-09 15:40:01,
8,ORD-10039,Clothing,32.13,2026-02-14 15:40:01,
10,ORD-10040,Sports,126.62,2025-11-25 15:40:01,
70,ORD-10041,Clothing,150.2,2025-12-07 15:40:01,
32,ORD-10042,Beauty,405.67,2026-01-25 15:40:01,2026-02-20 15:40:01
56,ORD-10043,Home,217.55,2025-12-21 15:40:01,
7,ORD-10044,Electronics,309.1,2026-01-06 15:40:01,
14,ORD-10045,Clothing,54.49,2025-12-12 15:40:01,
55,ORD-10046,Clothing,70.14,2026-01-18 15:40:01,
10,ORD-10047,Beauty,405.93,2025-12-10 15:40:01,2026-01-04 15:40:01
70,ORD-10048,Electronics,1944.19,2026-01-19 15:40:01,
63,ORD-10049,Beauty,114.74,2025-12-29 15:40:01,
22,ORD-10050,Beauty,11.06,2025-12-31 15:40:01,
59,ORD-10051,Home,217.27,2025-12-09 15:40:01,
63,ORD-10052,Clothing,54.18,2026-01-22 15:40:01,
75,ORD-10053,Sports,39.87,2026-01-09 15:40:01,2026-02-01 15:40:01
62,ORD-10054,Sports,460.5,2025-12-13 15:40:01,
66,ORD-10055,Electronics,1732.42,2026-02-10 15:40:01,
87,ORD-10056,Clothing,92.68,2025-12-08 15:40:01,
77,ORD-10057,Electronics,1314.89,2025-12-27 15:40:01,
73,ORD-10058,Sports,165.02,2026-01-16 15:40:01,
92,ORD-10059,Home,126.96,2025-12-30 15:40:01,
83,ORD-10060,Home,234.04,2026-02-09 15:40:01,2026-03-05 15:40:01
73,ORD-10061,Electronics,331.87,2026-01-22 15:40:01,
17,ORD-10062,Home,441.62,2026-01-18 15:40:01,
21,ORD-10063,Beauty,418.54,2025-11-20 15:40:01,
84,ORD-10064,Sports,13.83,2025-12-10 15:40:01,
85,ORD-10065,Electronics,1890.07,2026-02-01 15:40:01,
14,ORD-10066,Sports,86.17,2026-01-13 15:40:01,
92,ORD-10067,Home,109.76,2025-11-29 15:40:01,
65,ORD-10068,Beauty,133.05,2026-02-12 15:40:01,2026-03-02 15:40:01
36,ORD-10069,Electronics,206.38,2026-02-02 15:40:01,
34,ORD-10070,Clothing,153.42,2025-12-10 15:40:01,
72,ORD-10071,Electronics,401.37,2025-11-22 15:40:01,
70,ORD-10072,Electronics,1702.27,2025-12-06 15:40:01,
56,ORD-10073,Clothing,27.53,2026-01-03 15:40:01,
6,ORD-10074,Home,112.94,2026-01-18 15:40:01,
46,ORD-10075,Sports,443.23,2025-12-28 15:40:01,
96,ORD-10076,Clothing,186.64,2026-01-19 15:40:01,
23,ORD-10077,Beauty,22.15,2026-01-07 15:40:01,
53,ORD-10078,Clothing,68.03,2025-11-21 15:40:01,
5,ORD-10079,Beauty,118.99,2025-12-22 15:40:01,
30,ORD-10080,Clothing,24.26,2026-01-25 15:40:01,
36,ORD-10081,Electronics,1940.4,2026-01-14 15:40:01,
66,ORD-10082,Beauty,342.96,2025-12-12 15:40:01,
4,ORD-10083,Electronics,1778.67,2026-01-16 15:40:01,
34,ORD-10084,Electronics,395.12,2025-12-25 15:40:01,
41,ORD-10085,Beauty,307.04,2025-12-15 15:40:01,
74,ORD-10086,Clothing,65.85,2025-11-20 15:40:01,
67,ORD-10087,Sports,346.56,2025-11-25 15:40:01,
56,ORD-10088,Electronics,1907.97,2026-01-07 15:40:01,
85,ORD-10089,Electronics,1495.56,2026-01-11 15:40:01,
86,ORD-10090,Beauty,169.83,2025-11-21 15:40:01,
17,ORD-10091,Clothing,95.68,2026-01-01 15:40:01,
23,ORD-10092,Sports,288.86,2025-12-29 15:40:01,
1,ORD-10093,Home,150.59,2025-12-25 15:40:01,2026-01-08 15:40:01
84,ORD-10094,Home,237.84,2025-12-24 15:40:01,
66,ORD-10095,Beauty,398.93,2026-01-28 15:40:01,
37,ORD-10096,Sports,335.29,2025-12-01 15:40:01,
97,ORD-10097,Clothing,141.1,2026-01-21 15:40:01,
19,ORD-10098,Electronics,283.18,2025-12-20 15:40:01,
99,ORD-10099,Electronics,1019.75,2025-11-30 15:40:01,
92,ORD-10100,Beauty,252.24,2026-01-18 15:40:01,
89,ORD-10101,Electronics,1806.79,2026-02-05 15:40:01,
29,ORD-10102,Clothing,164.74,2025-11-21 15:40:01,
7,ORD-10103,Sports,132.11,2026-02-03 15:40:01,
60,ORD-10104,Sports,494.07,2025-12-04 15:40:01,
97,ORD-10105,Beauty,310.2,2025-12-16 15:40:01,
71,ORD-10106,Beauty,449.63,2025-12-20 15:40:01,
97,ORD-10107,Clothing,171.18,2026-01-14 15:40:01,
67,ORD-10108,Beauty,317.11,2026-01-14 15:40:01,
92,ORD-10109,Home,124.9,2026-01-07 15:40:01,
70,ORD-10110,Electronics,449.07,2026-01-20 15:40:01,
20,ORD-10111,Clothing,31.56,2025-12-28 15:40:01,
60,ORD-10112,Beauty,40.51,2025-12-27 15:40:01,
99,ORD-10113,Sports,473.57,2026-02-16 15:40:01,
98,ORD-10114,Sports,196.39,2026-02-18 15:40:01,
39,ORD-10115,Beauty,428.19,2025-12-27 15:40:01,
95,ORD-10116,Sports,401.94,2026-01-21 15:40:01,
35,ORD-10117,Beauty,247.96,2025-12-31 15:40:01,
87,ORD-10118,Beauty,364.85,2025-12-21 15:40:01,
80,ORD-10119,Sports,23.21,2025-12-30 15:40:01,
85,ORD-10120,Electronics,351.11,2025-12-26 15:40:01,
60,ORD-10121,Clothing,29.05,2026-01-01 15:40:01,
59,ORD-10122,Home,175.38,2026-01-01 15:40:01,
54,ORD-10123,Home,419.11,2025-12-20 15:40:01,2026-01-11 15:40:01
7,ORD-10124,Home,119.87,2026-02-10 15:40:01,
84,ORD-10125,Electronics,1557.62,2026-01-18 15:40:01,
3,ORD-10126,Electronics,2210.34,2026-02-02 15:40:01,2026-02-13 15:40:01
60,ORD-10127,Home,385.78,2026-01-28 15:40:01,
96,ORD-10128,Electronics,1600.03,2026-01-29 15:40:01,
14,ORD-10129,Sports,22.58,2026-01-10 15:40:01,
49,ORD-10130,Beauty,471.32,2026-01-24 15:40:01,2026-02-20 15:40:01
81,ORD-10131,Clothing,38.34,2026-01-11 15:40:01,
77,ORD-10132,Electronics,1633.21,2025-12-08 15:40:01,
45,ORD-10133,Sports,219.91,2026-01-02 15:40:01,2026-01-27 15:40:01
44,ORD-10134,Electronics,1729.24,2025-12-18 15:40:01,
47,ORD-10135,Beauty,356.58,2025-12-25 15:40:01,
67,ORD-10136,Home,311.8,2025-12-12 15:40:01,
60,ORD-10137,Beauty,414.61,2025-12-05 15:40:01,
32,ORD-10138,Electronics,702.07,2025-12-23 15:40:01,
60,ORD-10139,Sports,309.06,2026-01-01 15:40:01,
64,ORD-10140,Home,99.1,2026-01-22 15:40:01,
34,ORD-10141,Home,147.03,2025-12-04 15:40:01,
36,ORD-10142,Sports,14.97,2026-01-25 15:40:01,2026-02-22 15:40:01
53,ORD-10143,Beauty,282.04,2026-01-19 15:40:01,
83,ORD-10144,Beauty,229.61,2026-02-16 15:40:01,2026-02-28 15:40:01
52,ORD-10145,Clothing,75.12,2025-12-06 15:40:01,
71,ORD-10146,Sports,178.44,2025-12-10 15:40:01,
90,ORD-10147,Beauty,142.75,2026-01-17 15:40:01,
93,ORD-10148,Clothing,76.8,2025-12-12 15:40:01,
89,ORD-10149,Clothing,54.48,2025-12-19 15:40:01,
76,ORD-10150,Sports,302.43,2026-02-06 15:40:01,
38,ORD-10151,Clothing,84.96,2026-01-11 15:40:01,2026-02-02 15:40:01
17,ORD-10152,Home,32.3,2026-02-12 15:40:01,
90,ORD-10153,Clothing,134.82,2025-12-18 15:40:01,
2,ORD-10154,Sports,149.33,2025-12-19 15:40:01,2025-12-20 15:40:01
7,ORD-10155,Home,471.12,2025-12-19 15:40:01,
9,ORD-10156,Beauty,250.96,2025-12-07 15:40:01,
7,ORD-10157,Clothing,46.86,2025-12-08 15:40:01,
11,ORD-10158,Clothing,41.32,2025-12-27 15:40:01,
80,ORD-10159,Clothing,159.62,2026-01-01 15:40:01,
57,ORD-10160,Home,431.48,2025-12-26 15:40:01,
80,ORD-10161,Electronics,1297.34,2026-02-06 15:40:01,
27,ORD-10162,Clothing,67.64,2026-02-08 15:40:01,
23,ORD-10163,Sports,46.78,2026-02-18 15:40:01,
89,ORD-10164,Sports,240.26,2026-02-14 15:40:01,
91,ORD-10165,Home,354.46,2025-12-22 15:40:01,2026-01-03 15:40:01
34,ORD-10166,Sports,333.98,2026-01-24 15:40:01,
70,ORD-10167,Clothing,136.57,2026-01-15 15:40:01,
10,ORD-10168,Electronics,498.66,2026-01-10 15:40:01,
73,ORD-10169,Home,225.19,2025-12-21 15:40:01,
90,ORD-10170,Beauty,471.91,2025-12-16 15:40:01,
57,ORD-10171,Electronics,1276.47,2025-12-25 15:40:01,
78,ORD-10172,Home,22.67,2026-01-20 15:40:01,
74,ORD-10173,Sports,475.89,2025-11-24 15:40:01,
74,ORD-10174,Electronics,1573.6,2026-01-27 15:40:01,
84,ORD-10175,Beauty,458.88,2026-01-26 15:40:01,
56,ORD-10176,Beauty,484.84,2025-12-20 15:40:01,
43,ORD-10177,Home,338.37,2026-01-29 15:40:01,
89,ORD-10178,Beauty,151.23,2025-12-29 15:40:01,
71,ORD-10179,Electronics,1018.69,2026-01-09 15:40:01,
15,ORD-10180,Beauty,433.81,2026-02-18 15:40:01,
70,ORD-10181,Beauty,212.49,2026-01-25 15:40:01,
80,ORD-10182,Beauty,316.45,2026-02-12 15:40:01,
71,ORD-10183,Clothing,186.98,2025-12-24 15:40:01,
63,ORD-10184,Electronics,251.96,2025-11-30 15:40:01,
31,ORD-10185,Clothing,75.94,2026-02-17 15:40:01,
12,ORD-10186,Clothing,198.61,2026-02-04 15:40:01,
16,ORD-10187,Clothing,109.71,2026-01-12 15:40:01,
35,ORD-10188,Beauty,419.01,2025-12-20 15:40:01,
71,ORD-10189,Clothing,89.05,2025-12-04 15:40:01,
18,ORD-10190,Electronics,697.25,2025-12-27 15:40:01,
65,ORD-10191,Home,412.07,2026-01-13 15:40:01,
76,ORD-10192,Sports,499.46,2025-12-18 15:40:01,
58,ORD-10193,Sports,247.33,2026-01-07 15:40:01,
70,ORD-10194,Beauty,233.12,2026-01-08 15:40:01,
90,ORD-10195,Clothing,122.92,2026-01-20 15:40:01,
53,ORD-10196,Electronics,772.72,2025-12-20 15:40:01,
49,ORD-10197,Beauty,494.32,2025-11-27 15:40:01,
64,ORD-10198,Electronics,427.24,2025-12-05 15:40:01,
13,ORD-10199,Beauty,58.86,2025-12-22 15:40:01,2025-12-31 15:40:01
53,ORD-10200,Clothing,33.47,2026-01-16 15:40:01,
89,ORD-10201,Beauty,328.42,2026-01-07 15:40:01,
69,ORD-10202,Beauty,477.53,2025-11-30 15:40:01,
98,ORD-10203,Beauty,437.47,2026-02-14 15:40:01,
31,ORD-10204,Home,498.74,2026-02-07 15:40:01,
13,ORD-10205,Electronics,998.62,2025-11-22 15:40:01,
4,ORD-10206,Electronics,783.87,2026-02-11 15:40:01,
48,ORD-10207,Beauty,81.33,2025-12-13 15:40:01,
88,ORD-10208,Clothing,50.6,2026-02-08 15:40:01,
49,ORD-10209,Sports,344.74,2025-12-17 15:40:01,
19,ORD-10210,Clothing,103.01,2026-01-17 15:40:01,
86,ORD-10211,Electronics,1818.04,2025-12-21 15:40:01,
87,ORD-10212,Sports,87.41,2025-12-24 15:40:01,
76,ORD-10213,Home,323.08,2025-12-26 15:40:01,
59,ORD-10214,Home,107.62,2025-12-31 15:40:01,
14,ORD-10215,Clothing,88.65,2026-01-04 15:40:01,
90,ORD-10216,Home,20.75,2025-11-26 15:40:01,
2,ORD-10217,Sports,433.88,2026-02-12 15:40:01,
96,ORD-10218,Beauty,418.09,2026-01-13 15:40:01,
30,ORD-10219,Sports,402.95,2026-01-21 15:40:01,
80,ORD-10220,Home,342.1,2025-11-26 15:40:01,
18,ORD-10221,Electronics,1826.13,2025-11-28 15:40:01,2025-12-28 15:40:01
57,ORD-10222,Electronics,1243.23,2026-02-02 15:40:01,2026-02-16 15:40:01
42,ORD-10223,Beauty,96.06,2026-02-02 15:40:01,
47,ORD-10224,Sports,255.88,2026-01-15 15:40:01,
33,ORD-10225,Beauty,484.02,2026-01-12 15:40:01,
44,ORD-10226,Electronics,1043.0,2026-02-09 15:40:01,
29,ORD-10227,Beauty,483.96,2025-12-09 15:40:01,
51,ORD-10228,Electronics,676.03,2026-02-03 15:40:01,
87,ORD-10229,Home,296.43,2025-11-29 15:40:01,
14,ORD-10230,Clothing,104.87,2025-12-01 15:40:01,
72,ORD-10231,Home,458.48,2026-01-21 15:40:01,
82,ORD-10232,Beauty,455.6,2026-01-11 15:40:01,
15,ORD-10233,Clothing,28.16,2026-02-14 15:40:01,
64,ORD-10234,Electronics,374.95,2025-12-12 15:40:01,
59,ORD-10235,Home,338.54,2025-11-21 15:40:01,
54,ORD-10236,Sports,373.71,2026-01-30 15:40:01,
84,ORD-10237,Electronics,1700.65,2025-12-02 15:40:01,
36,ORD-10238,Electronics,1442.51,2026-01-22 15:40:01,
31,ORD-10239,Home,58.68,2025-11-23 15:40:01,
83,ORD-10240,Home,39.67,2026-01-14 15:40:01,
16,ORD-10241,Beauty,54.92,2026-01-22 15:40:01,
77,ORD-10242,Electronics,291.04,2026-01-07 15:40:01,
17,ORD-10243,Sports,110.55,2025-12-10 15:40:01,
28,ORD-10244,Clothing,79.14,2026-01-31 15:40:01,
77,ORD-10245,Electronics,699.09,2026-01-31 15:40:01,
70,ORD-10246,Home,401.27,2026-02-04 15:40:01,
4,ORD-10247,Clothing,22.67,2026-01-19 15:40:01,
3,ORD-10248,Electronics,2612.58,2026-02-02 15:40:01,2026-02-09 15:40:01
61,ORD-10249,Beauty,391.23,2025-12-15 15:40:01,
58,ORD-10250,Sports,118.56,2025-12-02 15:40:01,2026-01-01 15:40:01
85,ORD-10251,Sports,157.8,2025-11-28 15:40:01,
8,ORD-10252,Beauty,425.18,2025-12-26 15:40:01,
63,ORD-10253,Beauty,46.01,2026-02-08 15:40:01,
19,ORD-10254,Electronics,427.14,2025-12-01 15:40:01,
71,ORD-10255,Home,196.64,2025-12-04 15:40:01,
59,ORD-10256,Sports,306.66,2026-02-06 15:40:01,
15,ORD-10257,Sports,363.21,2026-01-22 15:40:01,
30,ORD-10258,Beauty,176.08,2025-12-22 15:40:01,
94,ORD-10259,Electronics,762.59,2026-01-09 15:40:01,
48,ORD-10260,Clothing,143.63,2025-12-20 15:40:01,2025-12-27 15:40:01
12,ORD-10261,Beauty,57.32,2026-01-02 15:40:01,
72,ORD-10262,Electronics,1255.64,2025-12-09 15:40:01,
86,ORD-10263,Electronics,939.46,2025-11-25 15:40:01,
55,ORD-10264,Electronics,1943.12,2025-12-04 15:40:01,
14,ORD-10265,Sports,258.63,2026-01-30 15:40:01,
29,ORD-10266,Electronics,830.21,2025-12-09 15:40:01,
98,ORD-10267,Home,291.31,2025-12-26 15:40:01,
99,ORD-10268,Sports,310.65,2025-11-28 15:40:01,
78,ORD-10269,Home,24.19,2026-01-15 15:40:01,
40,ORD-10270,Home,182.0,2026-01-26 15:40:01,
73,ORD-10271,Beauty,44.1,2025-11-29 15:40:01,
12,ORD-10272,Sports,115.42,2025-12-27 15:40:01,
21,ORD-10273,Home,162.7,2026-01-08 15:40:01,
73,ORD-10274,Sports,51.63,2026-02-12 15:40:01,
97,ORD-10275,Sports,34.38,2026-02-08 15:40:01,
85,ORD-10276,Beauty,247.97,2025-12-24 15:40:01,
28,ORD-10277,Sports,65.77,2025-12-25 15:40:01,
87,ORD-10278,Sports,248.45,2025-11-25 15:40:01,
29,ORD-10279,Beauty,492.38,2026-02-11 15:40:01,2026-02-25 15:40:01
28,ORD-10280,Clothing,157.55,2026-01-12 15:40:01,
1,ORD-10281,Beauty,376.04,2026-01-27 15:40:01,2026-02-09 15:40:01
91,ORD-10282,Clothing,110.05,2025-11-25 15:40:01,
10,ORD-10283,Beauty,432.26,2026-02-13 15:40:01,
59,ORD-10284,Electronics,1751.8,2025-12-07 15:40:01,
52,ORD-10285,Beauty,151.86,2025-12-29 15:40:01,2026-01-13 15:40:01
22,ORD-10286,Sports,235.45,2025-11-22 15:40:01,
12,ORD-10287,Beauty,423.8,2026-01-18 15:40:01,
52,ORD-10288,Sports,48.54,2026-01-10 15:40:01,
29,ORD-10289,Home,391.77,2026-02-09 15:40:01,
15,ORD-10290,Sports,259.88,2026-01-05 15:40:01,
83,ORD-10291,Clothing,62.53,2026-01-31 15:40:01,
23,ORD-10292,Sports,84.91,2025-11-27 15:40:01,2025-12-26 15:40:01
81,ORD-10293,Beauty,237.34,2025-12-08 15:40:01,
58,ORD-10294,Sports,325.07,2025-12-01 15:40:01,
81,ORD-10295,Home,83.97,2026-02-10 15:40:01,
81,ORD-10296,Home,400.2,2025-12-05 15:40:01,2025-12-26 15:40:01
10,ORD-10297,Home,236.25,2026-02-14 15:40:01,2026-02-28 15:40:01
10,ORD-10298,Electronics,1307.02,2025-12-16 15:40:01,
75,ORD-10299,Sports,477.57,2026-02-13 15:40:01,
74,ORD-10300,Clothing,77.87,2025-12-20 15:40:01,
8,ORD-10301,Beauty,60.72,2026-01-06 15:40:01,
11,ORD-10302,Sports,326.6,2026-02-13 15:40:01,
57,ORD-10303,Beauty,266.79,2025-12-02 15:40:01,
48,ORD-10304,Home,199.83,2026-01-06 15:40:01,
7,ORD-10305,Home,42.3,2026-02-06 15:40:01,
50,ORD-10306,Home,133.48,2025-11-26 15:40:01,
78,ORD-10307,Clothing,80.01,2025-12-06 15:40:01,
45,ORD-10308,Home,484.17,2025-11-21 15:40:01,
17,ORD-10309,Sports,357.33,2026-02-08 15:40:01,
49,ORD-10310,Home,408.46,2025-11-25 15:40:01,
95,ORD-10311,Sports,55.79,2025-11-25 15:40:01,
47,ORD-10312,Electronics,852.68,2026-01-26 15:40:01,
44,ORD-10313,Beauty,104.08,2026-02-01 15:40:01,
38,ORD-10314,Electronics,1113.84,2025-12-11 15:40:01,
68,ORD-10315,Electronics,1391.47,2025-12-01 15:40:01,
49,ORD-10316,Clothing,49.2,2025-11-22 15:40:01,
22,ORD-10317,Beauty,31.41,2026-01-03 15:40:01,
31,ORD-10318,Beauty,309.19,2025-12-23 15:40:01,
31,ORD-10319,Home,483.14,2025-12-20 15:40:01,
25,ORD-10320,Home,342.37,2025-12-07 15:40:01,
60,ORD-10321,Home,391.28,2025-12-16 15:40:01,
21,ORD-10322,Clothing,164.23,2026-02-01 15:40:01,
7,ORD-10323,Beauty,438.32,2025-12-10 15:40:01,
92,ORD-10324,Sports,427.07,2026-01-13 15:40:01,2026-01-23 15:40:01
35,ORD-10325,Beauty,453.6,2026-01-31 15:40:01,
12,ORD-10326,Clothing,167.01,2026-01-05 15:40:01,
54,ORD-10327,Electronics,913.62,2026-01-02 15:40:01,
11,ORD-10328,Home,120.02,2026-01-09 15:40:01,
92,ORD-10329,Home,397.78,2026-02-01 15:40:01,2026-02-21 15:40:01
90,ORD-10330,Clothing,156.59,2025-12-20 15:40:01,
1,ORD-10331,Electronics,234.21,2026-01-22 15:40:01,2026-02-04 15:40:01
94,ORD-10332,Sports,268.61,2026-02-04 15:40:01,
31,ORD-10333,Home,69.71,2026-01-19 15:40:01,
80,ORD-10334,Beauty,40.78,2025-12-17 15:40:01,
3,ORD-10335,Electronics,1936.91,2026-01-31 15:40:01,2026-02-16 15:40:01
31,ORD-10336,Sports,214.12,2025-11-25 15:40:01,
68,ORD-10337,Home,43.16,2025-12-13 15:40:01,
65,ORD-10338,Sports,19.96,2025-12-20 15:40:01,2026-01-06 15:40:01
48,ORD-10339,Home,376.19,2026-01-04 15:40:01,
45,ORD-10340,Clothing,151.93,2025-11-30 15:40:01,
75,ORD-10341,Home,75.37,2026-01-04 15:40:01,
83,ORD-10342,Clothing,169.47,2025-11-23 15:40:01,
90,ORD-10343,Beauty,319.55,2026-02-01 15:40:01,2026-03-02 15:40:01
59,ORD-10344,Electronics,728.2,2026-02-13 15:40:01,
6,ORD-10345,Home,467.35,2025-12-15 15:40:01,
70,ORD-10346,Beauty,134.12,2025-11-28 15:40:01,
46,ORD-10347,Electronics,1758.44,2026-01-07 15:40:01,
48,ORD-10348,Beauty,445.85,2025-12-24 15:40:01,
50,ORD-10349,Home,487.12,2025-12-17 15:40:01,
48,ORD-10350,Sports,140.69,2026-02-08 15:40:01,
11,ORD-10351,Beauty,305.2,2026-01-26 15:40:01,
42,ORD-10352,Electronics,344.12,2025-11-26 15:40:01,
58,ORD-10353,Sports,361.65,2026-01-28 15:40:01,
45,ORD-10354,Beauty,30.75,2026-01-04 15:40:01,
56,ORD-10355,Home,323.34,2026-02-11 15:40:01,2026-03-08 15:40:01
52,ORD-10356,Home,261.41,2025-11-24 15:40:01,
4,ORD-10357,Clothing,172.76,2025-11-24 15:40:01,
5,ORD-10358,Clothing,32.1,2025-11-28 15:40:01,
50,ORD-10359,Sports,25.87,2026-01-30 15:40:01,
48,ORD-10360,Home,227.53,2026-02-09 15:40:01,
68,ORD-10361,Home,205.04,2025-11-27 15:40:01,
15,ORD-10362,Electronics,1524.21,2025-12-17 15:40:01,
72,ORD-10363,Electronics,671.2,2026-01-16 15:40:01,
28,ORD-10364,Sports,149.93,2025-12-18 15:40:01,
18,ORD-10365,Electronics,1013.68,2025-12-24 15:40:01,
88,ORD-10366,Home,337.24,2025-11-20 15:40:01,2025-12-12 15:40:01
38,ORD-10367,Home,427.17,2025-11-20 15:40:01,
82,ORD-10368,Clothing,162.87,2025-12-15 15:40:01,
26,ORD-10369,Clothing,62.61,2025-12-17 15:40:01,2026-01-08 15:40:01
74,ORD-10370,Home,239.03,2025-12-10 15:40:01,
12,ORD-10371,Electronics,756.72,2025-12-19 15:40:01,
99,ORD-10372,Beauty,413.44,2026-02-09 15:40:01,
41,ORD-10373,Electronics,1009.95,2025-11-23 15:40:01,
17,ORD-10374,Sports,323.5,2026-01-26 15:40:01,
17,ORD-10375,Beauty,256.4,2026-02-11 15:40:01,
67,ORD-10376,Clothing,74.74,2026-01-29 15:40:01,
91,ORD-10377,Clothing,82.28,2025-12-14 15:40:01,
11,ORD-10378,Home,106.19,2025-12-10 15:40:01,
81,ORD-10379,Home,311.07,2026-02-07 15:40:01,
22,ORD-10380,Sports,471.39,2026-01-30 15:40:01,
80,ORD-10381,Sports,175.43,2025-12-08 15:40:01,2025-12-13 15:40:01
11,ORD-10382,Electronics,1907.38,2025-12-07 15:40:01,
27,ORD-10383,Sports,214.13,2025-11-29 15:40:01,2025-12-24 15:40:01
70,ORD-10384,Home,324.53,2026-01-11 15:40:01,
88,ORD-10385,Beauty,155.74,2026-02-09 15:40:01,
21,ORD-10386,Beauty,213.65,2025-12-21 15:40:01,
78,ORD-10387,Clothing,76.26,2026-01-09 15:40:01,
45,ORD-10388,Beauty,74.08,2026-01-02 15:40:01,
14,ORD-10389,Home,128.45,2026-02-03 15:40:01,
32,ORD-10390,Clothing,37.43,2026-01-12 15:40:01,
79,ORD-10391,Beauty,131.65,2026-01-29 15:40:01,
74,ORD-10392,Home,103.02,2026-01-29 15:40:01,
66,ORD-10393,Beauty,254.39,2026-01-10 15:40:01,
12,ORD-10394,Beauty,257.67,2026-01-19 15:40:01,
46,ORD-10395,Electronics,290.97,2025-12-17 15:40:01,
84,ORD-10396,Beauty,150.02,2026-02-17 15:40:01,
56,ORD-10397,Clothing,178.84,2026-01-03 15:40:01,
47,ORD-10398,Electronics,921.05,2025-12-08 15:40:01,
47,ORD-10399,Sports,151.41,2025-12-31 15:40:01,
98,ORD-10400,Sports,147.06,2025-12-01 15:40:01,
16,ORD-10401,Clothing,195.51,2025-12-30 15:40:01,
44,ORD-10402,Sports,470.08,2026-01-31 15:40:01,
66,ORD-10403,Beauty,255.04,2026-02-13 15:40:01,2026-03-12 15:40:01
43,ORD-10404,Beauty,264.47,2026-01-30 15:40:01,
66,ORD-10405,Clothing,79.03,2025-12-02 15:40:01,
51,ORD-10406,Sports,372.27,2026-01-11 15:40:01,
65,ORD-10407,Sports,270.85,2025-11-20 15:40:01,
61,ORD-10408,Electronics,863.04,2025-11-24 15:40:01,
54,ORD-10409,Sports,160.76,2025-11-22 15:40:01,
77,ORD-10410,Beauty,140.11,2025-11-27 15:40:01,
100,ORD-10411,Sports,293.04,2026-02-12 15:40:01,
22,ORD-10412,Sports,318.22,2025-12-01 15:40:01,
49,ORD-10413,Clothing,167.9,2026-01-18 15:40:01,2026-02-14 15:40:01
15,ORD-10414,Clothing,23.41,2026-01-09 15:40:01,
53,ORD-10415,Clothing,93.87,2025-12-02 15:40:01,
95,ORD-10416,Electronics,1470.4,2025-12-14 15:40:01,
42,ORD-10417,Beauty,267.48,2026-01-09 15:40:01,
59,ORD-10418,Sports,177.74,2026-01-04 15:40:01,
93,ORD-10419,Home,308.94,2026-01-25 15:40:01,
36,ORD-10420,Sports,156.26,2026-01-11 15:40:01,
91,ORD-10421,Clothing,144.24,2025-12-18 15:40:01,
45,ORD-10422,Sports,467.51,2026-01-14 15:40:01,
74,ORD-10423,Sports,196.05,2025-12-30 15:40:01,
99,ORD-10424,Clothing,72.28,2026-01-13 15:40:01,
11,ORD-10425,Home,462.76,2025-11-27 15:40:01,
62,ORD-10426,Clothing,56.37,2025-12-12 15:40:01,
72,ORD-10427,Home,77.26,2025-12-02 15:40:01,
31,ORD-10428,Clothing,29.14,2025-12-13 15:40:01,
30,ORD-10429,Electronics,380.36,2026-01-07 15:40:01,
13,ORD-10430,Clothing,20.93,2025-12-10 15:40:01,
21,ORD-10431,Beauty,329.92,2025-12-20 15:40:01,
26,ORD-10432,Home,167.37,2025-11-28 15:40:01,2025-12-27 15:40:01
12,ORD-10433,Sports,123.79,2026-02-14 15:40:01,
23,ORD-10434,Beauty,442.3,2026-01-27 15:40:01,
5,ORD-10435,Beauty,396.1,2026-01-26 15:40:01,
38,ORD-10436,Electronics,216.68,2025-12-08 15:40:01,
43,ORD-10437,Home,232.63,2025-11-28 15:40:01,
64,ORD-10438,Clothing,173.19,2025-12-21 15:40:01,
15,ORD-10439,Home,89.62,2025-12-22 15:40:01,
92,ORD-10440,Clothing,22.54,2026-01-06 15:40:01,
73,ORD-10441,Clothing,51.59,2025-11-29 15:40:01,
55,ORD-10442,Sports,170.68,2025-12-29 15:40:01,
24,ORD-10443,Clothing,105.94,2026-01-18 15:40:01,2026-02-04 15:40:01
31,ORD-10444,Beauty,379.34,2026-01-07 15:40:01,
93,ORD-10445,Sports,15.6,2025-11-27 15:40:01,
31,ORD-10446,Electronics,1402.02,2025-12-21 15:40:01,
52,ORD-10447,Sports,462.32,2025-11-20 15:40:01,
89,ORD-10448,Electronics,1349.68,2026-01-12 15:40:01,
29,ORD-10449,Clothing,192.32,2025-12-19 15:40:01,
96,ORD-10450,Sports,193.08,2025-11-21 15:40:01,
61,ORD-10451,Sports,402.98,2026-01-22 15:40:01,
88,ORD-10452,Sports,437.84,2026-02-08 15:40:01,
68,ORD-10453,Home,48.27,2025-12-08 15:40:01,
71,ORD-10454,Sports,109.06,2025-12-12 15:40:01,
42,ORD-10455,Sports,226.5,2025-11-23 15:40:01,
75,ORD-10456,Beauty,54.56,2025-12-15 15:40:01,
8,ORD-10457,Beauty,74.65,2025-12-27 15:40:01,
8,ORD-10458,Sports,236.57,2026-01-10 15:40:01,
51,ORD-10459,Home,410.06,2026-01-22 15:40:01,
6,ORD-10460,Beauty,178.82,2026-02-10 15:40:01,
8,ORD-10461,Electronics,1975.05,2025-12-20 15:40:01,2026-01-07 15:40:01
24,ORD-10462,Clothing,157.85,2025-11-28 15:40:01,
48,ORD-10463,Beauty,229.78,2026-01-01 15:40:01,
88,ORD-10464,Sports,75.17,2026-01-05 15:40:01,
69,ORD-10465,Beauty,269.13,2026-01-21 15:40:01,
97,ORD-10466,Electronics,1961.28,2025-12-21 15:40:01,
70,ORD-10467,Beauty,270.65,2026-01-20 15:40:01,
45,ORD-10468,Clothing,69.62,2026-02-04 15:40:01,2026-03-02 15:40:01
54,ORD-10469,Sports,385.37,2026-02-16 15:40:01,
9,ORD-10470,Electronics,1269.1,2025-12-23 15:40:01,
91,ORD-10471,Electronics,640.52,2026-02-13 15:40:01,
30,ORD-10472,Sports,116.46,2026-02-11 15:40:01,
38,ORD-10473,Clothing,166.84,2025-12-07 15:40:01,
77,ORD-10474,Home,126.08,2026-01-31 15:40:01,
67,ORD-10475,Clothing,94.44,2026-01-14 15:40:01,2026-02-06 15:40:01
95,ORD-10476,Clothing,132.68,2025-12-26 15:40:01,
7,ORD-10477,Home,471.38,2025-11-25 15:40:01,
68,ORD-10478,Home,351.19,2025-12-28 15:40:01,
49,ORD-10479,Clothing,155.79,2025-12-20 15:40:01,
29,ORD-10480,Home,430.2,2026-01-31 15:40:01,
8,ORD-10481,Sports,212.21,2025-12-27 15:40:01,
18,ORD-10482,Beauty,129.0,2026-01-23 15:40:01,
11,ORD-10483,Beauty,425.1,2026-02-07 15:40:01,
25,ORD-10484,Electronics,683.23,2025-11-24 15:40:01,
6,ORD-10485,Electronics,538.69,2025-12-05 15:40:01,
72,ORD-10486,Clothing,106.29,2026-01-07 15:40:01,
2,ORD-10487,Clothing,188.69,2026-02-03 15:40:01,
97,ORD-10488,Beauty,458.08,2025-11-21 15:40:01,
27,ORD-10489,Beauty,458.41,2025-12-10 15:40:01,
37,ORD-10490,Beauty,238.46,2025-11-27 15:40:01,
34,ORD-10491,Home,261.28,2025-12-17 15:40:01,
93,ORD-10492,Beauty,383.2,2026-01-09 15:40:01,
48,ORD-10493,Home,212.83,2025-12-08 15:40:01,
95,ORD-10494,Clothing,22.92,2025-12-10 15:40:01,
75,ORD-10495,Beauty,154.64,2026-01-24 15:40:01,
49,ORD-10496,Sports,418.35,2025-12-17 15:40:01,
88,ORD-10497,Home,136.09,2025-12-18 15:40:01,
83,ORD-10498,Beauty,235.81,2026-01-04 15:40:01,
93,ORD-10499,Sports,249.27,2025-12-11 15:40:01,
8,ORD-10500,Sports,26.57,2026-02-09 15:40:01,
86,ORD-10501,Electronics,1575.81,2025-12-28 15:40:01,
81,ORD-10502,Clothing,32.23,2026-01-30 15:40:01,2026-02-20 15:40:01
59,ORD-10503,Home,39.62,2025-11-29 15:40:01,
79,ORD-10504,Beauty,333.05,2026-02-16 15:40:01,2026-03-10 15:40:01
53,ORD-10505,Electronics,230.11,2026-01-14 15:40:01,
37,ORD-10506,Electronics,1103.99,2025-11-21 15:40:01,
23,ORD-10507,Electronics,1852.49,2025-12-13 15:40:01,
25,ORD-10508,Sports,267.96,2026-01-04 15:40:01,
51,ORD-10509,Electronics,871.49,2025-12-29 15:40:01,
32,ORD-10510,Clothing,74.0,2026-02-08 15:40:01,
84,ORD-10511,Electronics,368.3,2026-01-01 15:40:01,
61,ORD-10512,Electronics,1346.15,2025-11-21 15:40:01,
64,ORD-10513,Beauty,326.0,2026-01-07 15:40:01,
13,ORD-10514,Sports,460.38,2026-01-20 15:40:01,
89,ORD-10515,Sports,243.0,2026-02-13 15:40:01,
88,ORD-10516,Home,450.66,2025-12-08 15:40:01,
23,ORD-10517,Home,17.67,2026-01-23 15:40:01,
97,ORD-10518,Beauty,465.15,2026-01-11 15:40:01,
31,ORD-10519,Sports,418.98,2025-12-31 15:40:01,
70,ORD-10520,Home,198.08,2026-02-01 15:40:01,
89,ORD-10521,Electronics,1101.43,2026-01-05 15:40:01,2026-01-23 15:40:01
30,ORD-10522,Electronics,813.07,2025-12-02 15:40:01,
51,ORD-10523,Home,24.52,2026-01-15 15:40:01,
58,ORD-10524,Beauty,121.79,2025-12-10 15:40:01,
56,ORD-10525,Clothing,142.35,2025-11-26 15:40:01,
99,ORD-10526,Sports,154.74,2026-01-18 15:40:01,
11,ORD-10527,Home,85.57,2025-11-29 15:40:01,
50,ORD-10528,Home,186.74,2026-02-07 15:40:01,2026-02-21 15:40:01
57,ORD-10529,Home,383.06,2026-02-05 15:40:01,
24,ORD-10530,Beauty,229.93,2025-12-09 15:40:01,
14,ORD-10531,Electronics,361.31,2025-12-10 15:40:01,2026-01-03 15:40:01
42,ORD-10532,Beauty,16.05,2025-12-28 15:40:01,
11,ORD-10533,Sports,453.55,2026-01-18 15:40:01,
22,ORD-10534,Beauty,93.06,2026-01-15 15:40:01,
64,ORD-10535,Clothing,31.39,2025-12-25 15:40:01,
39,ORD-10536,Beauty,393.51,2026-01-03 15:40:01,
32,ORD-10537,Beauty,300.97,2026-01-24 15:40:01,
18,ORD-10538,Home,13.32,2025-12-30 15:40:01,
80,ORD-10539,Beauty,404.0,2026-01-07 15:40:01,
56,ORD-10540,Sports,76.7,2026-01-08 15:40:01,
89,ORD-10541,Clothing,106.22,2026-01-27 15:40:01,
41,ORD-10542,Home,370.09,2025-11-29 15:40:01,
74,ORD-10543,Clothing,78.66,2026-01-14 15:40:01,
51,ORD-10544,Home,65.81,2025-12-08 15:40:01,
70,ORD-10545,Clothing,142.71,2025-12-10 15:40:01,2026-01-07 15:40:01
60,ORD-10546,Clothing,98.92,2026-01-12 15:40:01,
9,ORD-10547,Beauty,339.76,2026-02-01 15:40:01,
31,ORD-10548,Home,332.74,2025-12-26 15:40:01,
10,ORD-10549,Beauty,495.44,2025-12-19 15:40:01,
69,ORD-10550,Sports,462.51,2025-11-22 15:40:01,
5,ORD-10551,Home,353.8,2025-12-12 15:40:01,
11,ORD-10552,Electronics,1584.12,2025-11-26 15:40:01,
22,ORD-10553,Sports,31.71,2025-11-28 15:40:01,
52,ORD-10554,Home,483.2,2025-12-25 15:40:01,
13,ORD-10555,Home,118.78,2025-12-14 15:40:01,
89,ORD-10556,Sports,118.31,2026-01-02 15:40:01,
99,ORD-10557,Sports,348.31,2026-01-30 15:40:01,
4,ORD-10558,Beauty,61.23,2025-12-27 15:40:01,
11,ORD-10559,Electronics,1696.37,2026-01-31 15:40:01,
44,ORD-10560,Beauty,394.29,2025-12-14 15:40:01,
61,ORD-10561,Electronics,988.7,2025-11-21 15:40:01,
9,ORD-10562,Home,31.89,2025-11-20 15:40:01,
44,ORD-10563,Electronics,1418.85,2026-01-28 15:40:01,
95,ORD-10564,Clothing,112.88,2025-12-10 15:40:01,
72,ORD-10565,Beauty,479.65,2026-01-20 15:40:01,
81,ORD-10566,Clothing,53.55,2025-11-26 15:40:01,
4,ORD-10567,Sports,442.72,2025-12-23 15:40:01,
50,ORD-10568,Electronics,1468.52,2026-01-23 15:40:01,
91,ORD-10569,Electronics,1239.23,2025-12-12 15:40:01,
42,ORD-10570,Clothing,102.36,2026-01-16 15:40:01,
63,ORD-10571,Sports,483.3,2026-01-09 15:40:01,
79,ORD-10572,Beauty,297.63,2026-01-05 15:40:01,
59,ORD-10573,Sports,94.54,2025-11-24 15:40:01,
39,ORD-10574,Sports,299.18,2025-11-24 15:40:01,
16,ORD-10575,Clothing,74.97,2026-01-26 15:40:01,
19,ORD-10576,Sports,200.35,2025-12-04 15:40:01,
50,ORD-10577,Beauty,101.02,2025-11-29 15:40:01,
83,ORD-10578,Clothing,119.88,2025-12-18 15:40:01,
24,ORD-10579,Home,422.57,2025-12-01 15:40:01,2025-12-17 15:40:01
2,ORD-10580,Beauty,76.9,2025-12-31 15:40:01,
65,ORD-10581,Beauty,210.48,2025-12-18 15:40:01,
57,ORD-10582,Beauty,91.95,2025-12-08 15:40:01,2026-01-06 15:40:01
29,ORD-10583,Home,26.02,2026-01-21 15:40:01,
22,ORD-10584,Beauty,287.17,2025-12-17 15:40:01,
15,ORD-10585,Sports,65.96,2025-12-11 15:40:01,
47,ORD-10586,Sports,413.08,2026-02-13 15:40:01,
57,ORD-10587,Sports,117.09,2025-12-26 15:40:01,
84,ORD-10588,Clothing,73.59,2026-02-14 15:40:01,
45,ORD-10589,Electronics,990.33,2026-02-03 15:40:01,
31,ORD-10590,Clothing,165.93,2025-12-05 15:40:01,
91,ORD-10591,Sports,320.06,2026-01-28 15:40:01,
27,ORD-10592,Clothing,164.98,2025-12-08 15:40:01,
36,ORD-10593,Sports,274.0,2026-01-08 15:40:01,
38,ORD-10594,Home,290.64,2025-12-15 15:40:01,
87,ORD-10595,Electronics,444.06,2025-12-28 15:40:01,
36,ORD-10596,Clothing,146.26,2026-02-02 15:40:01,
92,ORD-10597,Home,415.96,2025-11-24 15:40:01,
19,ORD-10598,Sports,319.88,2025-11-30 15:40:01,
58,ORD-10599,Electronics,1340.53,2026-02-07 15:40:01,
96,ORD-10600,Home,350.4,2026-01-02 15:40:01,
63,ORD-10601,Home,295.16,2026-02-07 15:40:01,
59,ORD-10602,Home,426.55,2025-12-12 15:40:01,
55,ORD-10603,Clothing,109.05,2026-01-08 15:40:01,
44,ORD-10604,Sports,293.19,2025-12-08 15:40:01,
44,ORD-10605,Electronics,282.7,2025-11-30 15:40:01,
59,ORD-10606,Electronics,423.63,2026-01-29 15:40:01,
1,ORD-10607,Beauty,109.14,2025-11-22 15:40:01,
84,ORD-10608,Home,87.9,2026-01-14 15:40:01,2026-01-30 15:40:01
33,ORD-10609,Electronics,869.32,2025-11-27 15:40:01,
51,ORD-10610,Home,365.73,2026-01-20 15:40:01,
12,ORD-10611,Electronics,201.96,2025-12-19 15:40:01,2026-01-11 15:40:01
29,ORD-10612,Sports,343.19,2026-02-17 15:40:01,2026-03-04 15:40:01
16,ORD-10613,Beauty,350.08,2025-12-19 15:40:01,2026-01-05 15:40:01
12,ORD-10614,Electronics,385.76,2026-01-02 15:40:01,
18,ORD-10615,Beauty,389.0,2026-02-01 15:40:01,
87,ORD-10616,Clothing,32.31,2025-12-08 15:40:01,2026-01-02 15:40:01
22,ORD-10617,Beauty,182.08,2026-01-22 15:40:01,
20,ORD-10618,Beauty,311.88,2025-12-24 15:40:01,
12,ORD-10619,Electronics,452.02,2026-02-03 15:40:01,
50,ORD-10620,Home,481.99,2026-01-09 15:40:01,
32,ORD-10621,Home,325.86,2026-01-18 15:40:01,
77,ORD-10622,Sports,149.61,2025-11-22 15:40:01,2025-12-18 15:40:01
39,ORD-10623,Clothing,113.19,2025-12-15 15:40:01,
51,ORD-10624,Home,326.62,2026-01-19 15:40:01,
15,ORD-10625,Clothing,109.92,2025-12-04 15:40:01,2025-12-09 15:40:01
47,ORD-10626,Home,74.67,2025-12-08 15:40:01,
70,ORD-10627,Clothing,157.29,2026-02-09 15:40:01,2026-02-16 15:40:01
2,ORD-10628,Home,115.71,2026-02-11 15:40:01,
51,ORD-10629,Sports,150.38,2025-12-16 15:40:01,
55,ORD-10630,Beauty,50.39,2025-12-12 15:40:01,
20,ORD-10631,Home,50.96,2026-02-08 15:40:01,
27,ORD-10632,Clothing,116.55,2025-12-30 15:40:01,
98,ORD-10633,Electronics,758.31,2025-12-25 15:40:01,
31,ORD-10634,Electronics,640.06,2025-12-25 15:40:01,
79,ORD-10635,Sports,36.96,2025-11-25 15:40:01,
95,ORD-10636,Clothing,41.5,2025-11-20 15:40:01,
2,ORD-10637,Clothing,109.35,2026-01-05 15:40:01,2026-01-07 15:40:01
22,ORD-10638,Home,72.2,2026-01-15 15:40:01,
16,ORD-10639,Electronics,803.02,2025-12-26 15:40:01,
9,ORD-10640,Home,359.04,2025-12-07 15:40:01,
64,ORD-10641,Beauty,260.28,2026-02-11 15:40:01,
73,ORD-10642,Clothing,86.18,2026-01-17 15:40:01,
74,ORD-10643,Electronics,611.13,2025-12-15 15:40:01,2025-12-20 15:40:01
32,ORD-10644,Electronics,1049.18,2025-12-31 15:40:01,
23,ORD-10645,Electronics,1195.16,2025-11-27 15:40:01,
42,ORD-10646,Clothing,94.93,2026-01-09 15:40:01,
10,ORD-10647,Sports,192.68,2025-12-16 15:40:01,
7,ORD-10648,Clothing,60.17,2025-12-14 15:40:01,
52,ORD-10649,Electronics,1778.58,2026-01-13 15:40:01,
40,ORD-10650,Home,52.33,2025-12-22 15:40:01,2026-01-02 15:40:01
38,ORD-10651,Sports,394.41,2025-12-01 15:40:01,
48,ORD-10652,Sports,486.21,2026-01-24 15:40:01,
70,ORD-10653,Clothing,47.1,2025-12-28 15:40:01,2026-01-19 15:40:01
45,ORD-10654,Electronics,1911.78,2026-02-18 15:40:01,
49,ORD-10655,Home,60.94,2025-12-13 15:40:01,
54,ORD-10656,Beauty,480.98,2026-01-31 15:40:01,
12,ORD-10657,Electronics,1858.29,2025-12-14 15:40:01,
48,ORD-10658,Beauty,487.53,2026-02-08 15:40:01,
65,ORD-10659,Clothing,134.7,2025-12-30 15:40:01,2026-01-22 15:40:01
8,ORD-10660,Beauty,334.6,2026-02-02 15:40:01,
34,ORD-10661,Home,463.76,2025-12-30 15:40:01,
95,ORD-10662,Home,165.85,2026-01-15 15:40:01,
26,ORD-10663,Clothing,160.39,2025-12-06 15:40:01,
14,ORD-10664,Clothing,100.92,2026-01-09 15:40:01,
69,ORD-10665,Home,482.67,2026-01-23 15:40:01,
60,ORD-10666,Home,427.72,2026-02-07 15:40:01,
88,ORD-10667,Home,414.93,2025-11-21 15:40:01,
28,ORD-10668,Home,82.68,2026-01-18 15:40:01,
51,ORD-10669,Sports,33.99,2026-01-11 15:40:01,
23,ORD-10670,Electronics,1913.77,2025-12-23 15:40:01,
71,ORD-10671,Clothing,37.05,2026-02-05 15:40:01,
18,ORD-10672,Electronics,221.52,2026-01-21 15:40:01,
52,ORD-10673,Home,346.28,2025-11-28 15:40:01,2025-12-21 15:40:01
34,ORD-10674,Electronics,239.24,2026-02-10 15:40:01,
83,ORD-10675,Beauty,406.56,2026-02-07 15:40:01,
43,ORD-10676,Electronics,276.85,2025-12-21 15:40:01,2026-01-13 15:40:01
56,ORD-10677,Beauty,253.1,2026-01-01 15:40:01,
23,ORD-10678,Home,115.21,2026-01-26 15:40:01,
58,ORD-10679,Clothing,26.24,2025-12-01 15:40:01,
83,ORD-10680,Home,254.46,2025-12-10 15:40:01,
12,ORD-10681,Home,197.68,2025-12-27 15:40:01,
68,ORD-10682,Clothing,133.54,2025-12-11 15:40:01,
49,ORD-10683,Home,245.05,2025-12-18 15:40:01,
73,ORD-10684,Sports,167.59,2026-01-15 15:40:01,
41,ORD-10685,Sports,117.32,2026-01-14 15:40:01,2026-02-03 15:40:01
68,ORD-10686,Home,385.75,2026-01-20 15:40:01,
13,ORD-10687,Clothing,138.24,2026-01-15 15:40:01,
95,ORD-10688,Electronics,1575.29,2026-01-21 15:40:01,
50,ORD-10689,Home,468.25,2026-01-27 15:40:01,
76,ORD-10690,Home,405.04,2025-11-21 15:40:01,
76,ORD-10691,Electronics,1466.22,2026-01-04 15:40:01,
73,ORD-10692,Clothing,121.36,2026-01-25 15:40:01,
64,ORD-10693,Sports,161.44,2025-12-18 15:40:01,2025-12-24 15:40:01
30,ORD-10694,Sports,117.22,2025-12-13 15:40:01,
43,ORD-10695,Sports,108.72,2026-02-02 15:40:01,
23,ORD-10696,Home,39.18,2026-01-31 15:40:01,
19,ORD-10697,Electronics,1723.67,2026-01-03 15:40:01,
48,ORD-10698,Beauty,297.15,2026-01-06 15:40:01,
18,ORD-10699,Clothing,151.82,2025-12-25 15:40:01,
63,ORD-10700,Home,95.36,2025-12-09 15:40:01,
79,ORD-10701,Home,119.39,2025-12-05 15:40:01,
49,ORD-10702,Home,369.66,2026-01-12 15:40:01,
94,ORD-10703,Electronics,1907.82,2025-12-07 15:40:01,
99,ORD-10704,Sports,25.87,2025-12-03 15:40:01,
79,ORD-10705,Clothing,135.14,2026-02-05 15:40:01,
19,ORD-10706,Home,375.22,2026-01-19 15:40:01,
41,ORD-10707,Clothing,134.51,2026-02-07 15:40:01,
86,ORD-10708,Home,228.85,2026-01-16 15:40:01,
89,ORD-10709,Electronics,830.87,2026-02-05 15:40:01,
7,ORD-10710,Beauty,224.73,2025-12-27 15:40:01,
53,ORD-10711,Beauty,442.07,2026-01-05 15:40:01,
13,ORD-10712,Beauty,396.48,2025-12-07 15:40:01,
88,ORD-10713,Clothing,49.28,2026-02-09 15:40:01,
5,ORD-10714,Home,19.84,2026-01-16 15:40:01,
10,ORD-10715,Home,93.35,2026-01-01 15:40:01,
10,ORD-10716,Sports,471.5,2026-02-07 15:40:01,
79,ORD-10717,Beauty,355.21,2025-12-25 15:40:01,
22,ORD-10718,Sports,445.98,2026-01-29 15:40:01,2026-02-13 15:40:01
27,ORD-10719,Clothing,93.67,2025-12-10 15:40:01,
94,ORD-10720,Sports,139.98,2026-01-13 15:40:01,
13,ORD-10721,Electronics,907.22,2025-12-10 15:40:01,
20,ORD-10722,Electronics,849.49,2025-12-26 15:40:01,2026-01-21 15:40:01
81,ORD-10723,Sports,245.36,2026-02-06 15:40:01,2026-02-16 15:40:01
82,ORD-10724,Home,488.76,2025-12-20 15:40:01,
40,ORD-10725,Beauty,240.76,2025-11-26 15:40:01,
83,ORD-10726,Sports,199.89,2026-01-02 15:40:01,
48,ORD-10727,Clothing,100.24,2026-01-16 15:40:01,
34,ORD-10728,Clothing,170.67,2025-12-08 15:40:01,2026-01-06 15:40:01
90,ORD-10729,Electronics,354.27,2026-01-05 15:40:01,
53,ORD-10730,Sports,121.48,2026-02-11 15:40:01,
67,ORD-10731,Beauty,483.16,2025-11-23 15:40:01,
61,ORD-10732,Sports,442.01,2025-12-20 15:40:01,
51,ORD-10733,Electronics,1103.78,2025-12-14 15:40:01,
87,ORD-10734,Sports,82.25,2025-12-23 15:40:01,
22,ORD-10735,Clothing,165.52,2026-02-02 15:40:01,2026-02-09 15:40:01
88,ORD-10736,Beauty,108.94,2025-11-30 15:40:01,
77,ORD-10737,Home,166.68,2026-02-10 15:40:01,2026-03-04 15:40:01
51,ORD-10738,Sports,169.8,2026-01-14 15:40:01,
2,ORD-10739,Sports,297.91,2025-12-27 15:40:01,2025-12-28 15:40:01
19,ORD-10740,Sports,298.09,2026-02-06 15:40:01,
73,ORD-10741,Electronics,1614.34,2025-12-12 15:40:01,
53,ORD-10742,Home,197.69,2025-12-18 15:40:01,
61,ORD-10743,Electronics,509.96,2025-12-29 15:40:01,
78,ORD-10744,Beauty,29.0,2026-01-07 15:40:01,
7,ORD-10745,Beauty,461.21,2026-01-02 15:40:01,2026-02-01 15:40:01
39,ORD-10746,Home,147.37,2025-12-18 15:40:01,
88,ORD-10747,Electronics,1950.49,2026-01-20 15:40:01,
96,ORD-10748,Beauty,389.28,2026-01-08 15:40:01,
54,ORD-10749,Sports,326.32,2026-01-25 15:40:01,
53,ORD-10750,Beauty,382.15,2026-01-02 15:40:01,
66,ORD-10751,Clothing,31.81,2025-11-20 15:40:01,
18,ORD-10752,Sports,440.87,2026-02-15 15:40:01,
26,ORD-10753,Electronics,649.08,2025-12-22 15:40:01,2026-01-07 15:40:01
91,ORD-10754,Clothing,69.32,2025-12-21 15:40:01,
82,ORD-10755,Electronics,1426.11,2026-01-19 15:40:01,
77,ORD-10756,Beauty,97.02,2025-12-20 15:40:01,
45,ORD-10757,Home,90.12,2026-01-16 15:40:01,
89,ORD-10758,Electronics,713.12,2025-12-31 15:40:01,2026-01-23 15:40:01
100,ORD-10759,Clothing,174.28,2025-11-28 15:40:01,
27,ORD-10760,Home,329.28,2025-12-15 15:40:01,2026-01-13 15:40:01
99,ORD-10761,Electronics,1053.37,2026-02-02 15:40:01,
77,ORD-10762,Electronics,602.79,2025-12-03 15:40:01,
40,ORD-10763,Home,217.67,2026-01-01 15:40:01,
59,ORD-10764,Home,116.92,2026-01-11 15:40:01,
80,ORD-10765,Beauty,296.4,2026-02-18 15:40:01,
85,ORD-10766,Home,285.11,2025-12-04 15:40:01,
39,ORD-10767,Electronics,1067.13,2026-01-06 15:40:01,
82,ORD-10768,Home,432.13,2026-01-16 15:40:01,
84,ORD-10769,Home,102.3,2025-12-14 15:40:01,
8,ORD-10770,Sports,208.01,2026-01-09 15:40:01,
93,ORD-10771,Electronics,1379.72,2026-01-12 15:40:01,
54,ORD-10772,Beauty,200.25,2026-02-14 15:40:01,
74,ORD-10773,Clothing,81.77,2026-01-21 15:40:01,
82,ORD-10774,Beauty,454.2,2025-11-25 15:40:01,
39,ORD-10775,Clothing,171.31,2025-12-09 15:40:01,
13,ORD-10776,Beauty,72.69,2026-01-16 15:40:01,
72,ORD-10777,Clothing,190.45,2026-01-07 15:40:01,
29,ORD-10778,Home,119.43,2026-01-10 15:40:01,
43,ORD-10779,Home,137.67,2026-01-12 15:40:01,
16,ORD-10780,Beauty,36.3,2025-11-29 15:40:01,
80,ORD-10781,Electronics,1050.0,2026-01-25 15:40:01,
88,ORD-10782,Beauty,269.62,2025-12-28 15:40:01,2026-01-06 15:40:01
18,ORD-10783,Clothing,81.68,2025-12-08 15:40:01,
59,ORD-10784,Clothing,76.95,2026-01-26 15:40:01,
63,ORD-10785,Home,319.21,2026-01-27 15:40:01,
8,ORD-10786,Electronics,1013.7,2026-01-23 15:40:01,
22,ORD-10787,Sports,384.6,2025-12-18 15:40:01,
100,ORD-10788,Electronics,432.93,2025-12-25 15:40:01,
52,ORD-10789,Beauty,483.01,2025-12-31 15:40:01,2026-01-22 15:40:01
26,ORD-10790,Home,475.53,2026-01-08 15:40:01,
68,ORD-10791,Clothing,23.22,2026-02-18 15:40:01,
32,ORD-10792,Clothing,144.83,2026-01-05 15:40:01,
14,ORD-10793,Beauty,256.63,2026-01-10 15:40:01,
6,ORD-10794,Home,474.75,2025-12-22 15:40:01,
77,ORD-10795,Sports,175.54,2025-11-23 15:40:01,
44,ORD-10796,Beauty,186.03,2026-01-25 15:40:01,
52,ORD-10797,Electronics,611.15,2026-02-02 15:40:01,
3,ORD-10798,Electronics,2049.89,2026-02-03 15:40:01,2026-02-09 15:40:01
49,ORD-10799,Home,387.91,2025-12-01 15:40:01,2025-12-07 15:40:01
85,ORD-10800,Electronics,1376.42,2026-02-16 15:40:01,2026-02-24 15:40:01
54,ORD-10801,Beauty,196.32,2025-12-10 15:40:01,
90,ORD-10802,Clothing,56.99,2025-11-23 15:40:01,
39,ORD-10803,Beauty,334.22,2025-11-26 15:40:01,
80,ORD-10804,Sports,353.36,2025-12-27 15:40:01,
14,ORD-10805,Sports,362.2,2026-02-03 15:40:01,
14,ORD-10806,Beauty,107.34,2026-01-24 15:40:01,
67,ORD-10807,Clothing,84.43,2025-12-28 15:40:01,
6,ORD-10808,Sports,253.21,2026-01-23 15:40:01,
62,ORD-10809,Home,124.91,2026-02-17 15:40:01,
15,ORD-10810,Sports,337.82,2026-01-30 15:40:01,
100,ORD-10811,Sports,46.77,2026-02-06 15:40:01,
83,ORD-10812,Clothing,102.22,2026-01-12 15:40:01,
7,ORD-10813,Electronics,1663.72,2026-02-13 15:40:01,
47,ORD-10814,Home,218.74,2026-02-04 15:40:01,2026-03-05 15:40:01
6,ORD-10815,Electronics,1733.6,2025-11-26 15:40:01,
43,ORD-10816,Home,448.32,2025-12-01 15:40:01,
94,ORD-10817,Electronics,870.72,2026-01-06 15:40:01,
52,ORD-10818,Beauty,481.53,2026-01-15 15:40:01,
89,ORD-10819,Beauty,401.95,2025-11-27 15:40:01,
22,ORD-10820,Electronics,438.52,2026-02-11 15:40:01,
21,ORD-10821,Electronics,948.85,2025-12-05 15:40:01,
73,ORD-10822,Beauty,98.82,2026-01-01 15:40:01,
79,ORD-10823,Electronics,1752.64,2026-02-02 15:40:01,
63,ORD-10824,Electronics,1797.67,2025-12-24 15:40:01,2026-01-06 15:40:01
84,ORD-10825,Home,16.06,2025-11-24 15:40:01,
96,ORD-10826,Sports,364.65,2026-01-21 15:40:01,
86,ORD-10827,Home,264.36,2025-11-22 15:40:01,
13,ORD-10828,Beauty,334.24,2026-01-18 15:40:01,
85,ORD-10829,Beauty,82.84,2025-12-09 15:40:01,
79,ORD-10830,Electronics,220.96,2026-01-29 15:40:01,
61,ORD-10831,Beauty,436.01,2026-02-09 15:40:01,
42,ORD-10832,Clothing,79.56,2026-01-14 15:40:01,2026-01-26 15:40:01
71,ORD-10833,Beauty,207.61,2026-01-19 15:40:01,2026-02-07 15:40:01
74,ORD-10834,Beauty,53.13,2025-12-17 15:40:01,
16,ORD-10835,Beauty,375.17,2026-02-16 15:40:01,
53,ORD-10836,Electronics,1202.84,2026-02-18 15:40:01,
78,ORD-10837,Sports,322.39,2025-12-15 15:40:01,
84,ORD-10838,Beauty,475.67,2026-01-03 15:40:01,
29,ORD-10839,Beauty,172.67,2025-12-01 15:40:01,
92,ORD-10840,Home,360.8,2026-02-04 15:40:01,2026-03-02 15:40:01
29,ORD-10841,Electronics,814.44,2025-11-29 15:40:01,
38,ORD-10842,Sports,265.77,2025-11-21 15:40:01,
22,ORD-10843,Beauty,78.82,2025-12-28 15:40:01,
79,ORD-10844,Clothing,53.76,2025-12-30 15:40:01,
25,ORD-10845,Home,62.81,2025-12-27 15:40:01,2026-01-21 15:40:01
87,ORD-10846,Sports,70.38,2025-12-23 15:40:01,
76,ORD-10847,Sports,75.97,2025-12-17 15:40:01,2026-01-14 15:40:01
7,ORD-10848,Sports,468.3,2025-12-06 15:40:01,
66,ORD-10849,Clothing,144.53,2026-01-27 15:40:01,
17,ORD-10850,Electronics,897.33,2025-12-04 15:40:01,
42,ORD-10851,Sports,441.88,2025-12-27 15:40:01,
89,ORD-10852,Clothing,69.25,2026-01-06 15:40:01,
58,ORD-10853,Clothing,44.87,2025-12-03 15:40:01,
96,ORD-10854,Sports,156.47,2025-11-21 15:40:01,
41,ORD-10855,Sports,319.97,2026-01-24 15:40:01,
92,ORD-10856,Home,346.44,2025-11-24 15:40:01,
91,ORD-10857,Clothing,110.7,2025-11-22 15:40:01,
91,ORD-10858,Electronics,1569.4,2025-12-09 15:40:01,
74,ORD-10859,Beauty,340.38,2025-12-12 15:40:01,
55,ORD-10860,Electronics,1140.91,2026-02-15 15:40:01,
7,ORD-10861,Electronics,559.82,2026-01-29 15:40:01,
88,ORD-10862,Home,81.75,2026-02-11 15:40:01,
38,ORD-10863,Clothing,155.65,2026-02-14 15:40:01,
58,ORD-10864,Electronics,1309.0,2025-11-24 15:40:01,
29,ORD-10865,Sports,200.55,2025-12-15 15:40:01,
90,ORD-10866,Home,349.54,2026-02-12 15:40:01,
50,ORD-10867,Beauty,478.78,2025-11-23 15:40:01,
71,ORD-10868,Electronics,223.34,2026-01-17 15:40:01,
100,ORD-10869,Beauty,416.69,2025-11-29 15:40:01,
83,ORD-10870,Home,380.0,2025-12-11 15:40:01,
26,ORD-10871,Clothing,72.95,2026-01-27 15:40:01,
10,ORD-10872,Clothing,193.25,2025-12-15 15:40:01,
6,ORD-10873,Beauty,146.77,2026-01-16 15:40:01,
75,ORD-10874,Home,12.77,2025-12-21 15:40:01,
20,ORD-10875,Electronics,476.67,2026-01-08 15:40:01,
100,ORD-10876,Sports,423.14,2026-01-11 15:40:01,
74,ORD-10877,Sports,185.46,2025-11-20 15:40:01,
29,ORD-10878,Clothing,113.71,2025-12-16 15:40:01,
70,ORD-10879,Sports,207.67,2026-01-05 15:40:01,
28,ORD-10880,Home,172.22,2026-01-12 15:40:01,
97,ORD-10881,Sports,269.94,2025-12-09 15:40:01,
84,ORD-10882,Electronics,406.5,2026-01-05 15:40:01,
83,ORD-10883,Sports,460.12,2026-01-18 15:40:01,
88,ORD-10884,Home,196.87,2026-02-04 15:40:01,
70,ORD-10885,Home,22.11,2025-12-14 15:40:01,
48,ORD-10886,Sports,403.38,2025-12-23 15:40:01,
38,ORD-10887,Clothing,77.66,2026-02-08 15:40:01,
22,ORD-10888,Sports,271.27,2025-11-30 15:40:01,2025-12-26 15:40:01
81,ORD-10889,Clothing,175.69,2025-12-26 15:40:01,
27,ORD-10890,Sports,416.09,2025-12-25 15:40:01,
10,ORD-10891,Clothing,24.28,2026-01-07 15:40:01,2026-01-14 15:40:01
7,ORD-10892,Clothing,162.96,2025-12-09 15:40:01,2025-12-21 15:40:01
34,ORD-10893,Beauty,200.14,2025-11-30 15:40:01,
41,ORD-10894,Electronics,901.1,2026-02-03 15:40:01,
83,ORD-10895,Sports,40.99,2025-12-06 15:40:01,2025-12-13 15:40:01
46,ORD-10896,Sports,62.01,2025-11-23 15:40:01,
12,ORD-10897,Home,384.98,2025-12-24 15:40:01,
85,ORD-10898,Electronics,1053.18,2025-12-12 15:40:01,
96,ORD-10899,Beauty,400.42,2025-12-11 15:40:01,
82,ORD-10900,Clothing,73.65,2025-11-28 15:40:01,
2,ORD-10901,Sports,438.64,2026-01-31 15:40:01,2026-02-01 15:40:01
74,ORD-10902,Sports,203.1,2025-12-10 15:40:01,
40,ORD-10903,Clothing,154.69,2026-01-05 15:40:01,
83,ORD-10904,Sports,79.8,2026-01-26 15:40:01,
33,ORD-10905,Clothing,40.63,2025-11-25 15:40:01,
7,ORD-10906,Sports,236.02,2025-12-10 15:40:01,2026-01-05 15:40:01
9,ORD-10907,Home,58.12,2025-12-06 15:40:01,
43,ORD-10908,Home,72.83,2025-11-27 15:40:01,
37,ORD-10909,Sports,44.21,2026-01-25 15:40:01,
58,ORD-10910,Home,312.01,2026-01-10 15:40:01,
20,ORD-10911,Sports,287.76,2026-01-09 15:40:01,
22,ORD-10912,Electronics,763.79,2026-01-21 15:40:01,
83,ORD-10913,Beauty,145.57,2026-01-03 15:40:01,
94,ORD-10914,Home,440.16,2025-12-21 15:40:01,
100,ORD-10915,Home,248.62,2026-02-05 15:40:01,
78,ORD-10916,Electronics,1715.23,2026-02-01 15:40:01,
26,ORD-10917,Home,369.44,2025-11-30 15:40:01,2025-12-07 15:40:01
3,ORD-10918,Electronics,2368.35,2025-12-06 15:40:01,2025-12-17 15:40:01
5,ORD-10919,Sports,137.7,2025-12-11 15:40:01,
100,ORD-10920,Clothing,85.85,2026-01-21 15:40:01,
76,ORD-10921,Home,75.6,2025-12-16 15:40:01,
51,ORD-10922,Home,256.06,2025-11-26 15:40:01,
79,ORD-10923,Clothing,156.3,2026-02-01 15:40:01,
23,ORD-10924,Sports,474.87,2025-11-26 15:40:01,
19,ORD-10925,Beauty,470.2,2026-02-13 15:40:01,
63,ORD-10926,Clothing,31.32,2026-01-02 15:40:01,
86,ORD-10927,Clothing,113.22,2026-01-03 15:40:01,
59,ORD-10928,Electronics,271.83,2025-11-27 15:40:01,
91,ORD-10929,Sports,320.45,2026-01-14 15:40:01,
34,ORD-10930,Sports,276.73,2026-01-27 15:40:01,
49,ORD-10931,Home,297.96,2026-02-09 15:40:01,
49,ORD-10932,Clothing,112.95,2026-01-04 15:40:01,
45,ORD-10933,Beauty,398.4,2025-12-03 15:40:01,2025-12-12 15:40:01
57,ORD-10934,Clothing,61.4,2025-12-15 15:40:01,
28,ORD-10935,Clothing,53.64,2026-01-03 15:40:01,
16,ORD-10936,Clothing,94.63,2026-01-07 15:40:01,
62,ORD-10937,Beauty,244.72,2025-12-05 15:40:01,
53,ORD-10938,Electronics,638.61,2026-02-02 15:40:01,
21,ORD-10939,Clothing,133.32,2026-02-13 15:40:01,
19,ORD-10940,Electronics,499.41,2026-01-26 15:40:01,
52,ORD-10941,Sports,484.93,2025-11-29 15:40:01,2025-12-27 15:40:01
94,ORD-10942,Home,474.15,2026-01-22 15:40:01,
61,ORD-10943,Beauty,93.58,2025-12-28 15:40:01,
75,ORD-10944,Clothing,132.18,2025-12-15 15:40:01,
93,ORD-10945,Home,461.95,2025-12-04 15:40:01,
30,ORD-10946,Beauty,198.88,2026-02-05 15:40:01,2026-02-26 15:40:01
65,ORD-10947,Beauty,414.99,2025-12-03 15:40:01,2025-12-23 15:40:01
79,ORD-10948,Sports,29.13,2025-12-12 15:40:01,
16,ORD-10949,Electronics,1068.03,2026-02-02 15:40:01,
70,ORD-10950,Electronics,1814.54,2025-11-24 15:40:01,
67,ORD-10951,Beauty,191.48,2026-02-13 15:40:01,
55,ORD-10952,Clothing,188.92,2025-12-19 15:40:01,
49,ORD-10953,Home,298.63,2025-11-21 15:40:01,
55,ORD-10954,Clothing,65.81,2026-01-20 15:40:01,
11,ORD-10955,Home,303.16,2025-12-11 15:40:01,
25,ORD-10956,Electronics,1476.47,2026-02-18 15:40:01,
16,ORD-10957,Sports,13.53,2025-11-27 15:40:01,
41,ORD-10958,Beauty,187.51,2026-01-30 15:40:01,
75,ORD-10959,Home,138.04,2025-12-12 15:40:01,
47,ORD-10960,Sports,145.02,2025-11-23 15:40:01,
27,ORD-10961,Beauty,280.53,2025-12-09 15:40:01,
48,ORD-10962,Sports,281.91,2026-01-17 15:40:01,
74,ORD-10963,Home,389.36,2025-12-30 15:40:01,
85,ORD-10964,Electronics,1546.07,2025-12-23 15:40:01,
21,ORD-10965,Electronics,586.02,2025-12-29 15:40:01,
71,ORD-10966,Sports,351.56,2025-11-20 15:40:01,2025-12-07 15:40:01
82,ORD-10967,Electronics,1647.86,2026-01-31 15:40:01,
77,ORD-10968,Beauty,53.19,2026-01-16 15:40:01,
11,ORD-10969,Sports,28.5,2025-12-31 15:40:01,
52,ORD-10970,Sports,331.53,2026-01-13 15:40:01,
77,ORD-10971,Electronics,1902.29,2026-01-27 15:40:01,
57,ORD-10972,Electronics,563.07,2025-11-26 15:40:01,
67,ORD-10973,Home,105.43,2025-12-04 15:40:01,
90,ORD-10974,Clothing,130.73,2025-11-24 15:40:01,2025-12-06 15:40:01
84,ORD-10975,Electronics,1956.16,2026-02-07 15:40:01,
100,ORD-10976,Beauty,183.03,2025-12-30 15:40:01,
26,ORD-10977,Sports,17.53,2025-11-20 15:40:01,2025-11-27 15:40:01
71,ORD-10978,Home,365.81,2025-12-09 15:40:01,
45,ORD-10979,Home,482.01,2026-01-14 15:40:01,
25,ORD-10980,Beauty,465.56,2025-12-07 15:40:01,2025-12-17 15:40:01
53,ORD-10981,Sports,62.17,2026-02-09 15:40:01,
44,ORD-10982,Electronics,1645.3,2026-01-17 15:40:01,
74,ORD-10983,Home,350.15,2026-01-01 15:40:01,
99,ORD-10984,Clothing,156.35,2025-12-22 15:40:01,
76,ORD-10985,Electronics,1067.55,2026-01-16 15:40:01,2026-02-10 15:40:01
29,ORD-10986,Clothing,164.03,2025-12-28 15:40:01,
67,ORD-10987,Sports,14.76,2026-01-16 15:40:01,
12,ORD-10988,Beauty,340.11,2026-01-06 15:40:01,2026-01-16 15:40:01
61,ORD-10989,Home,183.23,2025-12-07 15:40:01,
96,ORD-10990,Clothing,109.82,2026-01-24 15:40:01,
31,ORD-10991,Home,111.32,2026-01-24 15:40:01,
80,ORD-10992,Home,86.44,2026-02-05 15:40:01,
11,ORD-10993,Beauty,310.78,2025-12-11 15:40:01,
62,ORD-10994,Home,314.13,2025-12-17 15:40:01,
74,ORD-10995,Home,250.49,2025-12-15 15:40:01,
29,ORD-10996,Sports,72.84,2025-12-13 15:40:01,
62,ORD-10997,Sports,25.96,2026-01-05 15:40:01,
88,ORD-10998,Clothing,102.3,2026-02-03 15:40:01,
59,ORD-10999,Home,347.71,2026-02-17 15:40:01,
